WKT,Layer,Provinsi,Nama,Jenis,Alamat,Latitude,Longitude
"POINT (109.5458039 -7.4392176)",Jawa Tengah,Jawa Tengah,Kabupaten Banjarnegara,Kabupaten,Kabupaten Banjarnegara, Jawa Tengah, Indonesia,-7.4392176,109.5458039
"POINT (109.1402211 -7.4824249)",Jawa Tengah,Jawa Tengah,Kabupaten Banyumas,Kabupaten,Kabupaten Banyumas, Jawa Tengah, Indonesia,-7.4824249,109.1402211
"POINT (109.7334895 -6.9048277)",Jawa Tengah,Jawa Tengah,Kabupaten Batang,Kabupaten,Kabupaten Batang, Jawa Tengah, Indonesia,-6.9048277,109.7334895
"POINT (111.4191417 -6.9838134)",Jawa Tengah,Jawa Tengah,Kabupaten Blora,Kabupaten,Kabupaten Blora, Jawa Tengah, Indonesia,-6.9838134,111.4191417
"POINT (110.5933052 -7.5182573)",Jawa Tengah,Jawa Tengah,Kabupaten Boyolali,Kabupaten,Kabupaten Boyolali, Jawa Tengah, Indonesia,-7.5182573,110.5933052
"POINT (109.0398287 -6.8666498)",Jawa Tengah,Jawa Tengah,Kabupaten Brebes,Kabupaten,Kabupaten Brebes, Jawa Tengah, Indonesia,-6.8666498,109.0398287
"POINT (109.0212871 -7.7004099)",Jawa Tengah,Jawa Tengah,Kabupaten Cilacap,Kabupaten,Kabupaten Cilacap, Jawa Tengah, Indonesia,-7.7004099,109.0212871
"POINT (110.64 -6.89)",Jawa Tengah,Jawa Tengah,Kabupaten Demak,Kabupaten,Kabupaten Demak, Jawa Tengah, Indonesia,-6.89,110.64
"POINT (110.9175968 -7.0260632)",Jawa Tengah,Jawa Tengah,Kabupaten Grobogan,Kabupaten,Kabupaten Grobogan, Jawa Tengah, Indonesia,-7.0260632,110.9175968
"POINT (110.6796131 -6.5821556)",Jawa Tengah,Jawa Tengah,Kabupaten Jepara,Kabupaten,Kabupaten Jepara, Jawa Tengah, Indonesia,-6.5821556,110.6796131
"POINT (110.9870789 -7.6074868)",Jawa Tengah,Jawa Tengah,Kabupaten Karanganyar,Kabupaten,Kabupaten Karanganyar, Jawa Tengah, Indonesia,-7.6074868,110.9870789
"POINT (109.659613 -7.67)",Jawa Tengah,Jawa Tengah,Kabupaten Kebumen,Kabupaten,Kabupaten Kebumen, Jawa Tengah, Indonesia,-7.67,109.659613
"POINT (110.2027465 -6.9319287)",Jawa Tengah,Jawa Tengah,Kabupaten Kendal,Kabupaten,Kabupaten Kendal, Jawa Tengah, Indonesia,-6.9319287,110.2027465
"POINT (110.6645446 -7.7374235)",Jawa Tengah,Jawa Tengah,Kabupaten Klaten,Kabupaten,Kabupaten Klaten, Jawa Tengah, Indonesia,-7.7374235,110.6645446
"POINT (110.84 -6.805)",Jawa Tengah,Jawa Tengah,Kabupaten Kudus,Kabupaten,Kabupaten Kudus, Jawa Tengah, Indonesia,-6.805,110.84
"POINT (110.2182835 -7.4811496)",Jawa Tengah,Jawa Tengah,Kabupaten Magelang,Kabupaten,Kabupaten Magelang, Jawa Tengah, Indonesia,-7.4811496,110.2182835
"POINT (111.04 -6.75)",Jawa Tengah,Jawa Tengah,Kabupaten Pati,Kabupaten,Kabupaten Pati, Jawa Tengah, Indonesia,-6.75,111.04
"POINT (109.6402997 -7.0489778)",Jawa Tengah,Jawa Tengah,Kabupaten Pekalongan,Kabupaten,Kabupaten Pekalongan, Jawa Tengah, Indonesia,-7.0489778,109.6402997
"POINT (109.3797439 -6.8912957)",Jawa Tengah,Jawa Tengah,Kabupaten Pemalang,Kabupaten,Kabupaten Pemalang, Jawa Tengah, Indonesia,-6.8912957,109.3797439
"POINT (109.36 -7.39)",Jawa Tengah,Jawa Tengah,Kabupaten Purbalingga,Kabupaten,Kabupaten Purbalingga, Jawa Tengah, Indonesia,-7.39,109.36
"POINT (110.01 -7.71)",Jawa Tengah,Jawa Tengah,Kabupaten Purworejo,Kabupaten,Kabupaten Purworejo, Jawa Tengah, Indonesia,-7.71,110.01
"POINT (111.34 -6.71)",Jawa Tengah,Jawa Tengah,Kabupaten Rembang,Kabupaten,Kabupaten Rembang, Jawa Tengah, Indonesia,-6.71,111.34
"POINT (110.45 -7.15)",Jawa Tengah,Jawa Tengah,Kabupaten Semarang,Kabupaten,Kabupaten Semarang, Jawa Tengah, Indonesia,-7.15,110.45
"POINT (111.0200001 -7.4231911)",Jawa Tengah,Jawa Tengah,Kabupaten Sragen,Kabupaten,Kabupaten Sragen, Jawa Tengah, Indonesia,-7.4231911,111.0200001
"POINT (110.84 -7.68)",Jawa Tengah,Jawa Tengah,Kabupaten Sukoharjo,Kabupaten,Kabupaten Sukoharjo, Jawa Tengah, Indonesia,-7.68,110.84
"POINT (109.15 -7.0)",Jawa Tengah,Jawa Tengah,Kabupaten Tegal,Kabupaten,Kabupaten Tegal, Jawa Tengah, Indonesia,-7.0,109.15
"POINT (110.17 -7.32)",Jawa Tengah,Jawa Tengah,Kabupaten Temanggung,Kabupaten,Kabupaten Temanggung, Jawa Tengah, Indonesia,-7.32,110.17
"POINT (110.9364798 -7.7968703)",Jawa Tengah,Jawa Tengah,Kabupaten Wonogiri,Kabupaten,Kabupaten Wonogiri, Jawa Tengah, Indonesia,-7.7968703,110.9364798
"POINT (109.9 -7.362724)",Jawa Tengah,Jawa Tengah,Kabupaten Wonosobo,Kabupaten,Kabupaten Wonosobo, Jawa Tengah, Indonesia,-7.362724,109.9
"POINT (110.2177 -7.4797)",Jawa Tengah,Jawa Tengah,Kota Magelang,Kota,Kota Magelang, Jawa Tengah, Indonesia,-7.4797,110.2177
"POINT (109.6753 -6.8886)",Jawa Tengah,Jawa Tengah,Kota Pekalongan,Kota,Kota Pekalongan, Jawa Tengah, Indonesia,-6.8886,109.6753
"POINT (110.5084 -7.3305)",Jawa Tengah,Jawa Tengah,Kota Salatiga,Kota,Kota Salatiga, Jawa Tengah, Indonesia,-7.3305,110.5084
"POINT (110.4113736 -6.9897923)",Jawa Tengah,Jawa Tengah,Kota Semarang,Kota,Kota Semarang, Jawa Tengah, Indonesia,-6.9897923,110.4113736
"POINT (110.8243 -7.5755)",Jawa Tengah,Jawa Tengah,Kota Surakarta,Kota,Kota Surakarta, Jawa Tengah, Indonesia,-7.5755,110.8243
"POINT (109.1256 -6.8797)",Jawa Tengah,Jawa Tengah,Kota Tegal,Kota,Kota Tegal, Jawa Tengah, Indonesia,-6.8797,109.1256
